#{"t_start": 1788819616.6212828, "env_id": "None"}
r,l,t
-0.777273,5,4.016969
4.080769,15,4.287325
1.924359,5,4.449023
2.198696,19,4.862082
1.191075,11,5.476889
0.303607,24,6.767005
0.260755,6,7.212101
1.107931,3,7.287297
1.350256,6,7.4274
-1.686667,2,7.442587
3.481111,19,7.847407
-0.01,1,7.872819
0.48,2,7.926289
-0.01,1,7.969854
2.858889,3,8.00238
1.261233,17,8.758998
1.672308,2,8.795271
0.9,10,9.207287
1.75,5,9.292739
1.803333,3,9.347486
-0.01,1,9.395153
0.480984,6,9.632326
1.106667,6,9.882398
1.353077,7,10.252259
1.219231,5,10.43719
0.727101,7,10.707291
0.235814,2,10.817087
-0.03,3,10.967045
1.249524,6,11.109365
3.868571,6,11.173118
0.6675,2,11.203776
3.06625,9,11.362652
-0.02,2,11.417306
1.017619,3,11.532083
1.308904,17,12.35241
1.167234,12,12.941186
4.778889,11,13.09722
-0.01,1,13.177262
3.66125,12,13.377478
-0.01,1,13.392588
0.53,2,13.442427
-0.03,3,13.482403
1.305,7,13.762274
1.773333,6,13.877538
0.734648,4,14.109347
-0.01,1,14.157457
-0.01,1,14.370422
-0.01,1,14.430022
0.758305,16,17.34217
1.239231,3,17.422892
1.120213,5,17.603341
-0.01,1,17.651848
-0.01,1,17.699422
1.137895,2,17.74829
0.753659,10,17.980854
-1.311888,32,33.607757
1.224118,7,33.817776
-0.01,1,33.897971
-0.01,1,33.907755
0.561111,5,33.962986
0.796154,5,34.049071
-0.01,1,34.111407
-0.274188,32,39.047766
-0.02,2,39.142913
0.403077,2,39.185339
-0.01,1,39.19916
-0.905926,32,42.27796
-0.01,1,42.298144
1.441525,5,42.463692
0.190233,32,45.14933
0.303333,3,45.21336
2.082857,6,45.278138
0.851831,12,45.933217
0.67,8,46.130357
1.86,14,46.593054
2.423871,6,46.678099
6.061111,5,46.728341
1.783333,5,46.853085
2.7,5,46.901235
-0.03,3,47.003358
-0.02,2,47.084225
-0.01,1,47.106313
-0.01,1,47.123216
1.920408,10,47.318004
2.498462,4,47.383476
0.84,32,48.313478
-0.03,3,48.402719
0.159192,32,51.568555
0.877073,26,53.428458
2.73,2,53.443347
-0.01,1,53.453676
4.530909,6,53.518305
0.53,2,53.590366
1.412308,32,55.473701
2.424444,2,55.495034
-0.166986,3,55.61354
-1.440741,32,59.855241
1.541429,3,59.897346
2.011081,7,60.018607
0.267297,3,60.258635
1.838049,4,60.36007
-0.01,1,60.368679
3.930303,10,60.498394
2.577059,7,60.555479
0.627059,2,60.578427
-0.03,3,60.613455
1.813846,9,60.796414
0.86,2,60.841693
1.355,2,60.85816
2.055238,4,60.958534
0.445294,4,61.103591
-2.52,2,61.1185
1.53963,9,61.343711
4.002632,5,61.39388
1.187143,7,61.633702
6.217097,17,61.798563
0.51,4,61.88392
2.015385,24,62.558641
-0.02,2,62.613615
-0.504463,32,69.778713
1.772105,7,69.843979
3.302963,16,70.172835
-1.68093,32,71.959054
1.986207,10,72.228808
0.356154,32,78.093981
-0.01,1,78.123465
-0.01,1,78.134555
1.36012,21,79.832541
3.852353,3,79.879225
5.461111,17,80.101231
3.802353,8,80.169259
-1.230677,32,88.249306
2.535385,8,88.324277
0.255,2,88.411939
2.893333,4,88.461482
2.35,16,88.999401
-0.214545,32,93.819534
3.34,6,93.859375
3.616667,5,93.895355
1.06,4,93.932943
5.783077,14,93.997172
3.888571,4,94.034308
2.223333,11,94.156563
3.755,13,94.439363
4.41,9,94.62528
1.532308,16,94.774935
3.176957,17,95.189536
1.192727,8,95.243063
0.85,3,95.294667
-0.01,1,95.309654
1.39597,17,96.007037
4.150476,4,96.083801
0.771538,9,96.369452
-1.004103,32,97.849793
2.370247,21,99.041603
4.38,2,99.059546
1.035862,32,100.429816
-0.790189,32,108.00102
3.122857,2,108.024699
-0.873333,4,108.065558
1.192222,3,108.114179
3.663333,7,108.179889
3.868571,6,108.234705
-0.883361,32,114.251447
1.63,2,114.284997
6.165714,12,114.401716
0.892222,8,114.530117
-0.173077,32,118.752154
1.227778,5,118.80516
1.755714,32,119.951479
0.438261,4,120.005313
5.36,14,120.070416
1.6,17,120.335289
4.33,7,120.360333
6.155714,13,120.430165
0.166154,32,120.801825
6.39,21,120.925223
3.342963,12,121.230071
6.46,14,121.314847
2.804737,9,121.460237
-0.796923,32,122.532125
2.373846,32,123.140076
2.931538,3,123.190152
2.73,2,123.202274
4.31,9,123.230047
5.36,14,123.298853
1.394783,4,123.35022
-0.01,1,123.355301
0.3,32,124.130482
2.213878,32,124.601323
2.194921,20,125.235644
-0.06,6,125.260434
4.8875,5,125.305964
0.375385,32,126.181278
1.61,4,126.230559
-0.750909,32,126.784297
3.322222,17,127.010144
4.138065,12,127.145046
-0.121538,32,127.92158
4.743333,15,128.096883
3.035294,20,128.490508
2.726809,28,129.045287
5.11,17,129.180597
2.951111,16,129.265422
5.047826,30,129.446262
-1.96,32,135.424624
4.03,27,135.92073
-0.01,1,135.945619
0.327568,32,137.636311
0.899355,32,139.052562
5.47,3,139.09062
-1.195294,32,141.275757
2.060145,17,141.720674
2.400645,18,141.90116
4.818889,7,141.93695
7.263333,7,141.970622
3.759189,19,142.170561
-1.380435,25,142.358072
6.366667,5,142.391008
1.114366,32,143.862712
1.73,27,144.16577
0.077073,32,146.451377
0.853333,32,147.681105
3.784444,16,147.793745
4.672609,11,148.190698
-1.015455,32,151.550764
-0.319322,32,154.673917
3.075294,16,154.775967
5.593529,23,154.896216
0.428148,32,155.634936
1.774762,13,155.821151
0.31,32,157.792125
3.593043,32,157.981098
-1.053333,32,159.821266
-0.529524,32,164.852062
-1.572459,32,165.715995
-1.712727,32,169.081714
2.223077,26,169.261301
3.068095,17,169.396357
-1.021856,32,171.051443
3.14,21,171.176778
2.78,12,171.266543
2.058889,8,171.383525
-0.57,7,171.436651
2.002857,14,171.972809
0.646154,32,172.687602
0.345679,32,174.401859
2.655556,16,174.600155
0.3,32,175.681644
1.682623,32,176.686465
3.912632,14,176.799586
2.1,26,177.036787
2.125217,26,177.541777
2.069032,6,177.747187
0.154366,32,179.931601
0.313514,32,180.286086
0.727778,5,180.572075
-0.871579,32,182.567293
2.912632,14,182.66715
-0.02,2,182.801718
4.758889,13,182.927266
2.273548,20,183.163896
-1.632566,32,185.301847
-1.026207,32,185.736834
4.439412,9,185.802046
1.572308,12,185.868579
1.95697,30,186.189189
5.78,22,186.282115
2.006667,29,186.837222
-0.067692,32,188.416925
4.263333,7,188.481891
3.095385,32,188.712037
-1.17,32,189.144029
5.12,8,189.196916
-0.044103,32,192.006436
2.249362,32,192.73767
2.065385,5,192.852304
0.788182,23,193.533312
-0.608571,18,194.397049
-2.045,32,195.032223
4.35,13,195.149225
-1.007312,32,197.292281
-1.029126,32,201.687638
2.543448,32,201.94905
1.4375,32,202.222572
3.78,17,202.363678
3.011429,32,202.627421
3.962632,9,202.697307
3.386087,20,202.844351
-0.01,1,202.862304
-1.284348,32,204.558369
2.55,9,204.642553
0.344516,32,205.677423
7.303333,3,205.702425
-0.210612,32,206.207604
0.607059,4,206.317546
0.504595,9,206.592674
2.228085,32,207.082652
-0.913469,32,209.572661
4.247419,23,209.762437
2.65,10,209.812519
-1.6,32,214.712721
2.688039,21,215.226244
-1.322105,32,216.777712
-1.662913,32,219.95791
5.45,5,219.980421
2.305405,10,220.117787
3.73,7,220.162945
1.824906,32,220.793054
-0.885882,32,222.503108
7.303333,3,222.527873
6.031111,8,222.598706
5.55913,18,222.71757
6.52,8,222.771993
4.228889,18,222.986999
-2.8875,32,230.253178
4.97,3,230.293187
1.653279,15,230.728093
-0.363077,29,232.246196
3.888571,4,232.30325
1.08,2,232.352998
2.773077,15,232.713086
0.459016,32,234.117008
3.201622,18,234.337077
-0.01,1,234.363145
5.626667,24,234.523123
-1.556207,27,237.483272
3.897561,24,237.903602
3.122857,2,237.928747
0.214043,2,238.0247
2.314444,13,238.123647
-2.551852,32,244.006876
6.952857,19,244.133345
2.857931,28,244.433395
2.073913,10,244.713737
3.72,13,244.818658
6.215714,7,244.88866
3.566667,10,244.9986
3.528571,16,245.223287
4.6525,16,245.643644
3.306667,12,245.898878
2.23,7,245.958632
2.645366,26,246.463755
-0.02,2,246.54546
5.48,2,246.563708
-0.01,1,246.65377
3.783226,12,246.85859
0.738788,14,247.339474
3.556667,11,247.399983
1.642553,20,247.823678
-1.02,2,247.853653
5.064615,32,248.038486
2.55098,18,248.469889
3.985,14,248.583675
4.721667,32,249.12014
2.173019,11,249.438451
0.791111,32,249.606664
1.232687,27,250.965275
6.58,2,250.980406
4.5725,24,251.154038
-4.07,7,251.198702
-0.768077,28,257.08239
2.780952,10,257.35394
2.773939,14,257.636981
3.782353,10,257.763679
2.9,10,257.973807
2.912632,14,258.139355
1.349355,7,258.275585
-3.597355,32,262.819782
-0.529474,32,265.903997
2.75,25,266.201342
2.135217,25,266.775772
-0.229388,32,272.976304
0.902564,28,273.481532
5.06,20,273.744195
-0.103448,32,274.964025
2.97,11,275.325794
-0.222308,3,275.46091
1.08,32,276.234351
1.245,13,276.665293
1.902222,32,277.234357
4.7425,7,277.318182
-0.053333,32,278.864395
4.749565,12,279.024206
5.202857,14,279.284384
0.842745,2,279.416952
4.381724,17,279.669952
4.295385,32,279.884559
-1.266549,32,290.419144
4.692609,9,290.545721
4.966923,11,290.656785
5.863077,6,290.714687
-0.571429,32,292.234592
3.733333,10,292.361475
-2.107563,32,298.36294
2.053846,10,298.534792
-1.992195,32,303.76898
4.36,4,303.825155
4.7025,11,303.940215
3.359474,19,304.266004
5.951111,16,304.425205
1.62549,10,304.680337
2.73,2,304.702873
0.763607,26,306.049212
4.469412,6,306.236579
2.153158,17,306.677109
-1.271795,32,307.17503
3.39,6,307.280172
0.355094,6,307.500052
5.47,3,307.520268
0.352439,5,307.86522
-1.18,32,309.535472
1.417241,10,309.88518
-1.630891,32,314.375383
2.346667,32,314.525176
2.549167,19,315.031091
-0.454878,19,315.749023
-1.801404,32,318.551424
0.526429,26,319.226831
2.088462,23,319.410313
1.162222,6,319.520614
-0.409014,32,320.641975
4.304615,8,320.695664
4.163333,17,320.796895
4.6225,19,320.900608
7.263333,7,320.930712
-0.073271,12,321.581483
2.949286,15,321.955574
6.2,20,322.095662
4.619231,15,322.225555
3.435714,10,322.350689
4.463333,19,322.709824
1.097895,6,322.870415
4.25875,21,323.045424
2.033684,30,323.415998
0.346667,32,323.565473
3.175294,6,323.665586
2.195789,12,323.910718
6.765,11,323.955758
3.728571,28,324.175906
1.542143,27,325.023339
2.842373,22,325.875528
-2.618605,32,327.687218
0.207692,10,327.740797
1.763333,32,327.960744
-1.971429,32,329.02006
-1.719286,19,330.885837
5.651905,11,331.02086
0.917857,10,331.363851
-0.132308,16,331.885666
2.418462,12,332.125932
2.131667,17,332.525965
4.86,9,332.6416
-2.479231,32,335.65156
3.75,25,335.806014
1.988889,15,335.99091
1.728367,23,336.385753
2.396667,27,336.476153
0.160899,12,336.865717
0.735714,5,336.966007
4.225455,32,337.076091
3.646667,2,337.090886
4.68,20,337.261004
1.849825,8,337.470479
0.189474,10,337.966096
1.88,14,338.461231
2.801852,5,338.527241
5.46,4,338.545816
-2.504348,32,342.531381
0.289231,8,342.731289
2.11,9,343.080523
4.444211,24,343.286273
-0.189804,22,346.411018
0.114874,7,346.777614
-0.28,32,348.576428
1.373077,15,348.986498
2.68,7,349.086228
5.273333,32,349.287491
-2.64,32,352.637033
-0.1,10,352.671558
0.92,8,352.897674
0.626716,3,353.036355
6.719231,5,353.076133
4.008148,14,353.191821
1.306939,4,353.3113
-0.387857,12,353.81671
0.652376,11,354.256447
0.871892,2,354.316614
1.108462,23,354.961288
5.45,5,355.016758
1.468182,15,355.261547
5.18,32,355.439221
1.359355,6,355.526345
1.894286,7,355.612949
-3.84,32,360.123438
2.806667,14,360.39184
2.33,18,360.736484
1.805714,32,360.967951
2.343871,14,361.341802
2.605,27,361.508982
-2.162283,27,364.55686
3.082857,6,364.586935
3.556667,11,364.742548
3.186667,24,365.346546
2.151887,15,365.580109
5.4,10,365.64188
5.29,21,365.706765
-0.021538,6,365.770545
4.055,7,365.828059
3.506667,16,366.701235
3.90439,12,366.876632
3.18,12,366.943072
0.769254,14,367.386866
3.547826,32,367.642084
5.95,5,367.679811
3.02,6,367.751505
1.824286,9,367.871455
3.465,11,368.032795
1.616842,12,368.116852
3.571579,6,368.186951
1.527534,13,368.636936
1.503846,16,368.936664
4.89,6,369.006652
4.644286,7,369.097004
5.723077,20,369.190173
3.693043,22,369.341861
3.965714,32,369.476812
5.026471,15,369.557516
3.968039,13,369.858891
5.29,21,369.981818
2.028108,8,370.117326
2.91,9,370.286647
2.440833,8,370.462721
2.750513,7,370.586817
2.985556,7,370.706795
3.103158,18,370.937017
3.964074,11,371.047122
4.768889,12,371.246885
1.706667,20,372.506793
